{
  "$schema": "https://github.com/Azure/data-api-builder/releases/download/v0.9.7/dab.draft.schema.json",
  "data-source": {
    "database-type": "mssql",
    "connection-string": "Server=tcp:bootcampfeb5.database.windows.net,1433;Initial Catalog=bootcamp;Encrypt=True;TrustServerCertificate=False;Connection Timeout=30;Authentication=\"Active Directory Default\";",
    "options": {
      "set-session-context": false
    }
  },
  "runtime": {
    "rest": {
      "enabled": true,
      "path": "/rest",
      "request-body-strict": true
    },
    "graphql": {
      "enabled": true,
      "path": "/graphql",
      "allow-introspection": true
    },
    "host": {
      "cors": {
        "origins": [],
        "allow-credentials": false
      },
      "authentication": {
        "provider": "StaticWebApps"
      },
      "mode": "production"
    }
  },
  "entities": {}
}